Description,Media URL/canal,Marca,Vertical
JUGAMOS POR MAS MAS ACCIÓN.,https://dummy.com.mx/TestigosHandler/TestigosExtHandler.ashx?hit=-941264547&key=19230a2e2e5dc929c4ff39f1857d6520,CALIENTE,Sport
JUGAMOS POR MAS MAS ACCIÓN.,https://dummy.com.mx/TestigosHandler/TestigosExtHandler.ashx?hit=-941025533&key=70d957e2abc9e2bcb9db599a4155ba45,CALIENTE,Sport
JUGAMOS POR MAS MAS ACCIÓN.,https://dummy.com.mx/TestigosHandler/TestigosExtHandler.ashx?hit=-941025477&key=ff37cb72c6a415041e5d69ea31745260,CALIENTE,Sport
JUGAMOS POR MAS MAS ACCIÓN.,https://dummy.com.mx/TestigosHandler/TestigosExtHandler.ashx?hit=-940816885&key=890e0123d035084fdd7c5ff01111368d,CALIENTE,Sport
JUGAMOS POR MAS MAS ACCIÓN.,https://dummy.com.mx/TestigosHandler/TestigosExtHandler.ashx?hit=-941720911&key=b35cad3ee1ce7ee4de87e5c653b6f06c,CALIENTE,Sport
JUGAMOS POR MAS MAS ACCIÓN.,https://dummy.com.mx/TestigosHandler/TestigosExtHandler.ashx?hit=-941276615&key=c4a0829254cbda0a9bf14e5210be131e,CALIENTE,Sport
JUGAMOS POR MAS MAS ACCIÓN.,https://dummy.com.mx/TestigosHandler/TestigosExtHandler.ashx?hit=-941264022&key=1e6e1d6c5d2aa5357ff791e7d2eb4a96,CALIENTE,Sport
JUGAMOS POR MAS MAS ACCIÓN.,https://dummy.com.mx/TestigosHandler/TestigosExtHandler.ashx?hit=-941038417&key=a0a130f4604df1113a93a7637a1751bf,CALIENTE,Sport
JUGAMOS POR MAS MAS ACCIÓN.,https://dummy.com.mx/TestigosHandler/TestigosExtHandler.ashx?hit=-941038187&key=578441f558b047c5c1be1fa048c4fc2d,CALIENTE,Sport
JUGAMOS POR MAS MAS ACCIÓN.,https://dummy.com.mx/TestigosHandler/TestigosExtHandler.ashx?hit=-940821030&key=120ade3bcef44586e3ae3a446456402d,CALIENTE,Sport
JUGAMOS POR MAS MAS ACCIÓN.,https://dummy.com.mx/TestigosHandler/TestigosExtHandler.ashx?hit=-941721284&key=299cfd6c3afbfc435bbff8a1a1214117,CALIENTE,Sport
JUGAMOS POR MAS MAS ACCIÓN.,https://dummy.com.mx/TestigosHandler/TestigosExtHandler.ashx?hit=-941276942&key=97463c0c05411c0a66e851ed58072fe0,CALIENTE,Sport
JUGAMOS POR MAS MAS ACCIÓN.,https://dummy.com.mx/TestigosHandler/TestigosExtHandler.ashx?hit=-941264600&key=ee05b0ee63c3073e8887cf902c682cf8,CALIENTE,Sport
JUGAMOS POR MAS MAS ACCIÓN.,https://dummy.com.mx/TestigosHandler/TestigosExtHandler.ashx?hit=-941038826&key=4690821155259dc9ce1d0e8f2f33a1fe,CALIENTE,Sport
JUGAMOS POR MAS MAS ACCIÓN.,https://dummy.com.mx/TestigosHandler/TestigosExtHandler.ashx?hit=-941038637&key=d58f20df7f107e2c4abe62a8b0f221fb,CALIENTE,Sport
JUGAMOS POR MAS MAS ACCIÓN.,https://dummy.com.mx/TestigosHandler/TestigosExtHandler.ashx?hit=-940821443&key=7dd756555046a216dee236e8d88edc4f,CALIENTE,Sport
JUGAMOS POR MAS MAS ACCIÓN.,https://dummy.com.mx/TestigosHandler/TestigosExtHandler.ashx?hit=-941442668&key=a38a38fad15aeae187cc1217e1da0c31,CALIENTE,Sport
JUGAMOS POR MAS MAS ACCIÓN.,https://dummy.com.mx/TestigosHandler/TestigosExtHandler.ashx?hit=-941264518&key=5f170282c3ec1822235c5c578caf6720,CALIENTE,Sport
JUGAMOS POR MAS MAS ACCIÓN.,https://dummy.com.mx/TestigosHandler/TestigosExtHandler.ashx?hit=-941202843&key=00e77209cf053b00b465a42fad324f02,CALIENTE,Sport
JUGAMOS POR MAS MAS ACCIÓN.,https://dummy.com.mx/TestigosHandler/TestigosExtHandler.ashx?hit=-941011815&key=fcc11e6f730de4aa70758d02a7e99b9e,CALIENTE,Sport
JUGAMOS POR MAS MAS ACCIÓN.,https://dummy.com.mx/TestigosHandler/TestigosExtHandler.ashx?hit=-940905116&key=d7fd00140e18ab8e38139bbc614f3268,CALIENTE,Sport
JUGAMOS POR MAS MAS ACCIÓN.,https://dummy.com.mx/TestigosHandler/TestigosExtHandler.ashx?hit=-941446092&key=3307ac75df7c840e3bda1a00213b3fa5,CALIENTE,Sport
JUGAMOS POR MAS MAS ACCIÓN.,https://dummy.com.mx/TestigosHandler/TestigosExtHandler.ashx?hit=-941452685&key=de3b361174e179c8b9a03773eb9733b0,CALIENTE,Sport
JUGAMOS POR MAS MAS ACCIÓN.,https://dummy.com.mx/TestigosHandler/TestigosExtHandler.ashx?hit=-941264582&key=4c8433f25446163c29671a559b8752f5,CALIENTE,Sport
JUGAMOS POR MAS MAS ACCIÓN.,https://dummy.com.mx/TestigosHandler/TestigosExtHandler.ashx?hit=-941202877&key=e96a74c9849add9cd29b97e11013b53f,CALIENTE,Sport
JUGAMOS POR MAS MAS ACCIÓN.,https://dummy.com.mx/TestigosHandler/TestigosExtHandler.ashx?hit=-941013564&key=ca2ea7ec52d36333d701ef07d1116394,CALIENTE,Sport
JUGAMOS POR MAS MAS ACCIÓN.,https://dummy.com.mx/TestigosHandler/TestigosExtHandler.ashx?hit=-940905239&key=12da2326e2bf668a2ffb744b4999eaa7,CALIENTE,Sport
JUGAMOS POR MÁS DESCARGA LA APP REGÍSTRATE Y OBTÉN $1000 DE REGALO.,https://dummy.com.mx/TestigosHandler/TestigosExtHandler.ashx?hit=-935786214&key=49ae05c2f266583f5ce5ff9cb449b518,CALIENTE,Sport
JUEGA EN LAS MESAS DE BLACKJACK REGÍSTRATE Y RECIBE 500 PESOS GRATIS PARA JUGAR CASINO.,https://dummy.com.mx/TestigosHandler/TestigosExtHandler.ashx?hit=-941311653&key=d2b37948e934754ccf6af9322375fca3,RUSHBET,casino
JUEGA EN LAS MESAS DE BLACKJACK REGÍSTRATE Y RECIBE 500 PESOS GRATIS PARA JUGAR CASINO.,https://dummy.com.mx/TestigosHandler/TestigosExtHandler.ashx?hit=-941298095&key=11bed1153d3fa95a23262ea3c1c4f6cb,RUSHBET,casino
JUEGA EN LAS MESAS DE BLACKJACK REGÍSTRATE Y RECIBE 500 PESOS GRATIS PARA JUGAR CASINO.,https://dummy.com.mx/TestigosHandler/TestigosExtHandler.ashx?hit=-941309713&key=091bb286e9c6e58bbd41bb0d3fc1e42e,RUSHBET,casino
JUEGA EN LAS MESAS DE BLACKJACK REGÍSTRATE Y RECIBE 500 PESOS GRATIS PARA JUGAR CASINO.,https://dummy.com.mx/TestigosHandler/TestigosExtHandler.ashx?hit=-941457443&key=c439c64558f1ec9ded5e3f603d10264d,RUSHBET,casino
JUEGA CON PASION CON EL CORAZON DE CADA MOVIMIENTO VEN A JUGAR PORQUE LOS MEJORES NO NACIERON SIENDO LOS MEJORES,https://dummy.com.mx/TestigosHandler/TestigosExtHandler.ashx?hit=-939363394&key=d9f6d775a6d27a7d4f6c8f07aff9dcb7,APUESTA GANA,Sport
JUEGA CON PASION CON EL CORAZON DE CADA MOVIMIENTO VEN A JUGAR PORQUE LOS MEJORES NO NACIERON SIENDO LOS MEJORES,https://dummy.com.mx/TestigosHandler/TestigosExtHandler.ashx?hit=-939864309&key=4167f3da513ab2e0800cda29a7bbd91e,APUESTA GANA,Sport
JUEGA CON PASION CON EL CORAZON DE CADA MOVIMIENTO VEN A JUGAR PORQUE LOS MEJORES NO NACIERON SIENDO LOS MEJORES,https://dummy.com.mx/TestigosHandler/TestigosExtHandler.ashx?hit=-939847786&key=639374b4e5db1de9708d7db49bc0ea7f,APUESTA GANA,Sport
JUEGA CON PASION CON EL CORAZON DE CADA MOVIMIENTO VEN A JUGAR PORQUE LOS MEJORES NO NACIERON SIENDO LOS MEJORES,https://dummy.com.mx/TestigosHandler/TestigosExtHandler.ashx?hit=-939847780&key=acd060777c76dc719c7fcc6df7a7b03d,APUESTA GANA,Sport
GANAR ESE SENTIMIENTO QUE TE INVADE EL CUERPO NO ES SOLO UN RESULTADO ES UNA EMOCION VIVE LA EMOCION DEL DEPORTE,https://dummy.com.mx/TestigosHandler/TestigosExtHandler.ashx?hit=-941177872&key=0009ca3096fee9ad311219e4368dadb4,MEXBET,sport
GANAR ESE SENTIMIENTO QUE TE INVADE EL CUERPO NO ES SOLO UN RESULTADO ES UNA EMOCION VIVE LA EMOCION DEL DEPORTE,https://dummy.com.mx/TestigosHandler/TestigosExtHandler.ashx?hit=-940902761&key=66469c8f8af8ef62e7948f6800c85ec7,MEXBET,sport
GANAR ESE SENTIMIENTO QUE TE INVADE EL CUERPO NO ES SOLO UN RESULTADO ES UNA EMOCION VIVE LA EMOCION DEL DEPORTE,https://dummy.com.mx/TestigosHandler/TestigosExtHandler.ashx?hit=-941177964&key=1229ccd21d654010f5e7d51b3ad762c9,MEXBET,sport
GANAR ESE SENTIMIENTO QUE TE INVADE EL CUERPO NO ES SOLO UN RESULTADO ES UNA EMOCION VIVE LA EMOCION DEL DEPORTE,https://dummy.com.mx/TestigosHandler/TestigosExtHandler.ashx?hit=-940902882&key=d36cc9a702929d7cbe6e89aeff9c88f4,MEXBET,sport
GANAR ESE SENTIMIENTO QUE TE INVADE EL CUERPO NO ES SOLO UN RESULTADO ES UNA EMOCION VIVE LA EMOCION DEL DEPORTE,https://dummy.com.mx/TestigosHandler/TestigosExtHandler.ashx?hit=-941068154&key=7f0446413915bc80968c37a0609e28e4,MEXBET,sport
GANAR ESE SENTIMIENTO QUE TE INVADE EL CUERPO NO ES SOLO UN RESULTADO ES UNA EMOCION VIVE LA EMOCION DEL DEPORTE,https://dummy.com.mx/TestigosHandler/TestigosExtHandler.ashx?hit=-941025517&key=96d74707649914dc0d4c4826d9874daa,MEXBET,sport
GANAR ESE SENTIMIENTO QUE TE INVADE EL CUERPO NO ES SOLO UN RESULTADO ES UNA EMOCION VIVE LA EMOCION DEL DEPORTE,https://dummy.com.mx/TestigosHandler/TestigosExtHandler.ashx?hit=-941000247&key=e66b130775953ff798f97a7e01421036,MEXBET,sport
GANAR ESE SENTIMIENTO QUE TE INVADE EL CUERPO NO ES SOLO UN RESULTADO ES UNA EMOCION VIVE LA EMOCION DEL DEPORTE,https://dummy.com.mx/TestigosHandler/TestigosExtHandler.ashx?hit=-941068172&key=8f2c09c302efc858919ec5a636c05c1e,MEXBET,sport
GANAR ESE SENTIMIENTO QUE TE INVADE EL CUERPO NO ES SOLO UN RESULTADO ES UNA EMOCION VIVE LA EMOCION DEL DEPORTE,https://dummy.com.mx/TestigosHandler/TestigosExtHandler.ashx?hit=-941039771&key=99c3634c3afeefbb987667028570513d,MEXBET,sport
GANAR ESE SENTIMIENTO QUE TE INVADE EL CUERPO NO ES SOLO UN RESULTADO ES UNA EMOCION VIVE LA EMOCION DEL DEPORTE,https://dummy.com.mx/TestigosHandler/TestigosExtHandler.ashx?hit=-941000509&key=933fa37c72c7f5455e0f013380f058b8,MEXBET,sport
ESTA SECCIÓN ES PRESENTADA POR :WB,https://dummy.com.mx/TestigosHandler/TestigosExtHandler.ashx?hit=-941026712&key=e96654960d7f08eceefb21e4cad1746b,RUSHBET,brand
EL TRAFICO SE DETIENE NUESTROS CIENTOS DE VLOGS NO REGISTRATE Y RECIBE $500 GRATIS PARA PROBAR EL MEJOR CASINO EN LINEA,https://dummy.com.mx/TestigosHandler/TestigosExtHandler.ashx?hit=-941644845&key=8f5aec9616296de7733f139122f6ebc5,RUSHBET,casino
EL TRAFICO SE DETIENE NUESTROS CIENTOS DE VLOGS NO REGISTRATE Y RECIBE $500 GRATIS PARA PROBAR EL MEJOR CASINO EN LINEA,https://dummy.com.mx/TestigosHandler/TestigosExtHandler.ashx?hit=-941010748&key=ca1e4e956a41670eec3dd4be8d8ac25b,RUSHBET,casino
EL TRAFICO SE DETIENE NUESTROS CIENTOS DE VLOGS NO REGISTRATE Y RECIBE $500 GRATIS PARA PROBAR EL MEJOR CASINO EN LINEA,https://dummy.com.mx/TestigosHandler/TestigosExtHandler.ashx?hit=-941644926&key=f93d9a5b168f393de9c91542cb2a18c9,RUSHBET,casino
EL TRAFICO SE DETIENE NUESTROS CIENTOS DE VLOGS NO REGISTRATE Y RECIBE $500 GRATIS PARA PROBAR EL MEJOR CASINO EN LINEA,https://dummy.com.mx/TestigosHandler/TestigosExtHandler.ashx?hit=-941010779&key=78ea9679758b310cbd5aeea3267b70ce,RUSHBET,casino
EL TRAFICO SE DETIENE NUESTROS CIENTOS DE VLOGS NO REGISTRATE Y RECIBE $500 GRATIS PARA PROBAR EL MEJOR CASINO EN LINEA,https://dummy.com.mx/TestigosHandler/TestigosExtHandler.ashx?hit=-941644869&key=1ffa2fe348bca381c39b8341a58e85a4,RUSHBET,casino
EL TRAFICO SE DETIENE NUESTROS CIENTOS DE VLOGS NO REGISTRATE Y RECIBE $500 GRATIS PARA PROBAR EL MEJOR CASINO EN LINEA,https://dummy.com.mx/TestigosHandler/TestigosExtHandler.ashx?hit=-941010758&key=e3edc63239c959732f99307ee306b264,RUSHBET,casino
EL TRAFICO SE DETIENE NUESTROS CIENTOS DE VLOGS NO REGISTRATE Y RECIBE $500 GRATIS PARA PROBAR EL MEJOR CASINO EN LINEA,https://dummy.com.mx/TestigosHandler/TestigosExtHandler.ashx?hit=-941670216&key=f503e0ba07478a6e9702b42e6b6624df,RUSHBET,casino
EL TRAFICO SE DETIENE NUESTROS CIENTOS DE VLOGS NO REGISTRATE Y RECIBE $500 GRATIS PARA PROBAR EL MEJOR CASINO EN LINEA,https://dummy.com.mx/TestigosHandler/TestigosExtHandler.ashx?hit=-941414406&key=99b66ac5c564a8addf08fd28fc6d32fb,RUSHBET,casino
EL TRAFICO SE DETIENE NUESTROS CIENTOS DE VLOGS NO REGISTRATE Y RECIBE $500 GRATIS PARA PROBAR EL MEJOR CASINO EN LINEA,https://dummy.com.mx/TestigosHandler/TestigosExtHandler.ashx?hit=-941024424&key=ee23fd77af514df29cb2cedba4b097a6,RUSHBET,casino
APUESTA DEPORTIVA_PATROCINIO_REGALO,https://dummy.com.mx/TestigosHandler/TestigosExtHandler.ashx?hit=-941883138&key=64dba68127274ed8d98eed36e5408333,CALIENTE,Sport
APUESTA DEPORTIVA_PATROCINIO_REGALO,https://dummy.com.mx/TestigosHandler/TestigosExtHandler.ashx?hit=-941668301&key=6eef1639a4666ce7add42ef7121a2a1e,CALIENTE,Sport
APUESTA DEPORTIVA_PATROCINIO_REGALO,https://dummy.com.mx/TestigosHandler/TestigosExtHandler.ashx?hit=-941375589&key=0412c8c3e2ea7c48c3057a6674fe594b,CALIENTE,Sport
APUESTA DEPORTIVA_PATROCINIO_REGALO,https://dummy.com.mx/TestigosHandler/TestigosExtHandler.ashx?hit=-941931273&key=bd24bd93d734bb176b540fcdbb3facb7,CALIENTE,Sport
APUESTA DEPORTIVA_PATROCINIO_REGALO,https://dummy.com.mx/TestigosHandler/TestigosExtHandler.ashx?hit=-941745334&key=8ece4d2b1c68c02301e6f913fb23849e,CALIENTE,Sport
APUESTA DEPORTIVA_PATROCINIO_REGALO,https://dummy.com.mx/TestigosHandler/TestigosExtHandler.ashx?hit=-941451031&key=42c1551d13c9a049039661214fefd7e5,CALIENTE,Sport
APUESTA DEPORTIVA_PATROCINIO_REGALO,https://dummy.com.mx/TestigosHandler/TestigosExtHandler.ashx?hit=-941930983&key=de33da8758c1ac11e2d6f864c8fdb42e,CALIENTE,Sport
APUESTA DEPORTIVA_PATROCINIO_REGALO,https://dummy.com.mx/TestigosHandler/TestigosExtHandler.ashx?hit=-941744620&key=3a16444b5449dd55ce30be5f5da8234b,CALIENTE,Sport
APUESTA DEPORTIVA_PATROCINIO_REGALO,https://dummy.com.mx/TestigosHandler/TestigosExtHandler.ashx?hit=-941450875&key=e057d6bebb5d6d2e9a7c2cfb6e54cf8f,CALIENTE,Sport
APUESTA DEPORTIVA_PATROCINIO_REGALO,https://dummy.com.mx/TestigosHandler/TestigosExtHandler.ashx?hit=-941919719&key=cb317d52449a0e15d97914eb7b9a92f7,CALIENTE,Sport
APUESTA DEPORTIVA_PATROCINIO_REGALO,https://dummy.com.mx/TestigosHandler/TestigosExtHandler.ashx?hit=-941725669&key=72cae215b8e8fc813f02ed56f5f46bcf,CALIENTE,Sport
APUESTA DEPORTIVA_PATROCINIO_REGALO,https://dummy.com.mx/TestigosHandler/TestigosExtHandler.ashx?hit=-941436437&key=5897d3367335ec21586b4a803dbbabe5,CALIENTE,Sport
APUESTA DEPORTIVA_PATROCINIO_REGALO,https://dummy.com.mx/TestigosHandler/TestigosExtHandler.ashx?hit=-941977733&key=c07cf461539161c669852c414941a99f,CALIENTE,Sport
APUESTA DEPORTIVA_PATROCINIO_REGALO,https://dummy.com.mx/TestigosHandler/TestigosExtHandler.ashx?hit=-941796488&key=8e621f0586a52c7b9e6b86b78553e5e3,CALIENTE,Sport
APUESTA DEPORTIVA_PATROCINIO_REGALO,https://dummy.com.mx/TestigosHandler/TestigosExtHandler.ashx?hit=-941502905&key=0831bd09a7039d647bc7a2746b0dcc3e,CALIENTE,Sport
APUESTA DEPORTIVA_PATROCINIO_REGALO,https://dummy.com.mx/TestigosHandler/TestigosExtHandler.ashx?hit=-941210743&key=843702bd3dc181c81c2eeffa2a95f21d,CALIENTE,Sport
APUESTA DEPORTIVA_PATROCINIO_REGALO,https://dummy.com.mx/TestigosHandler/TestigosExtHandler.ashx?hit=-940912765&key=0332bbb6e5b1d73b39dd772a2634f0ee,CALIENTE,Sport
APUESTA DEPORTIVA_COMERCIAL_QATAR,https://dummy.com.mx/TestigosHandler/TestigosExtHandler.ashx?hit=-941261416&key=8f60ca64023ff8b91a05d5964df47286,CALIENTE,Sport
APUESTA DEPORTIVA_COMERCIAL_QATAR,https://dummy.com.mx/TestigosHandler/TestigosExtHandler.ashx?hit=-940817556&key=b1a0418eda8e3370d4d12ede08e2afb7,CALIENTE,Sport
APUESTA DEPORTIVA_COMERCIAL_QATAR,https://dummy.com.mx/TestigosHandler/TestigosExtHandler.ashx?hit=-941261146&key=015acdee1803ce141b5cdfde66667a4f,CALIENTE,Sport
APUESTA DEPORTIVA_COMERCIAL_QATAR,https://dummy.com.mx/TestigosHandler/TestigosExtHandler.ashx?hit=-940824540&key=3ac01d3132d81ae48284dae6b747afd3,CALIENTE,Sport
APUESTA DEPORTIVA_COMERCIAL_QATAR,https://dummy.com.mx/TestigosHandler/TestigosExtHandler.ashx?hit=-941261476&key=3a3ecfa8898519e86834889cdd0c2c6e,CALIENTE,Sport
APUESTA DEPORTIVA_COMERCIAL_QATAR,https://dummy.com.mx/TestigosHandler/TestigosExtHandler.ashx?hit=-940824931&key=e8ac073a09fe0a484676328a6c158b32,CALIENTE,Sport
APUESTA DEPORTIVA_COMERCIAL_QATAR,https://dummy.com.mx/TestigosHandler/TestigosExtHandler.ashx?hit=-941440688&key=c4fd0c69d0f8dc13cdf28ad2c50f3c8e,CALIENTE,Sport
APUESTA DEPORTIVA_COMERCIAL_QATAR,https://dummy.com.mx/TestigosHandler/TestigosExtHandler.ashx?hit=-941251299&key=5ff411e8dc97a52eb147800cd2ff7d6f,CALIENTE,Sport
APUESTA DEPORTIVA_COMERCIAL_QATAR,https://dummy.com.mx/TestigosHandler/TestigosExtHandler.ashx?hit=-941172112&key=597405f5b71667600e2949601ea1ecdb,CALIENTE,Sport
APUESTA DEPORTIVA_COMERCIAL_QATAR,https://dummy.com.mx/TestigosHandler/TestigosExtHandler.ashx?hit=-941099578&key=456e04f4bb94f62886246529b3411bc2,CALIENTE,Sport
APUESTA DEPORTIVA_COMERCIAL_QATAR,https://dummy.com.mx/TestigosHandler/TestigosExtHandler.ashx?hit=-941053174&key=26077eee77bf0dc192f5676d8bc83f57,CALIENTE,Sport
APUESTA DEPORTIVA_COMERCIAL_QATAR,https://dummy.com.mx/TestigosHandler/TestigosExtHandler.ashx?hit=-940957087&key=59c704f94f977e8ba5a879727ca1480a,CALIENTE,Sport
APUESTA DEPORTIVA_COMERCIAL_QATAR,https://dummy.com.mx/TestigosHandler/TestigosExtHandler.ashx?hit=-941445119&key=068f54bfea4322ca35147a870ebb146f,CALIENTE,Sport
APUESTA DEPORTIVA_COMERCIAL_QATAR,https://dummy.com.mx/TestigosHandler/TestigosExtHandler.ashx?hit=-941446917&key=f901f8af447edb7ccfdd779f6b2b5bec,CALIENTE,Sport
APUESTA DEPORTIVA_COMERCIAL_QATAR,https://dummy.com.mx/TestigosHandler/TestigosExtHandler.ashx?hit=-941251331&key=f4620c99458c94ad4fc6651878ffbf3b,CALIENTE,Sport
APUESTA DEPORTIVA_COMERCIAL_QATAR,https://dummy.com.mx/TestigosHandler/TestigosExtHandler.ashx?hit=-941172191&key=a4bbbd915f9c49e75d482c6cc0a7230a,CALIENTE,Sport
APUESTA DEPORTIVA_COMERCIAL_QATAR,https://dummy.com.mx/TestigosHandler/TestigosExtHandler.ashx?hit=-941099607&key=c8c3c755d2131b56fd118821b238f2a7,CALIENTE,Sport
APUESTA DEPORTIVA_COMERCIAL_QATAR,https://dummy.com.mx/TestigosHandler/TestigosExtHandler.ashx?hit=-941053249&key=4b7ea829e080abfefc5fe0d5d11472db,CALIENTE,Sport
APUESTA DEPORTIVA_COMERCIAL_QATAR,https://dummy.com.mx/TestigosHandler/TestigosExtHandler.ashx?hit=-940957148&key=967c9bf83b7ed70d65e7f5212e856d28,CALIENTE,Sport
(TX: BONO DE BIENVENIDA) DUPLICA TU PRIMER DEPOSITO,https://dummy.com.mx/TestigosHandler/TestigosExtHandler.ashx?hit=-941662104&key=665bff27ca03f7bf9aa7013a8436453e,NOVIBET,sport
(TX: BONO DE BIENVENIDA) DUPLICA TU PRIMER DEPOSITO,https://dummy.com.mx/TestigosHandler/TestigosExtHandler.ashx?hit=-941498260&key=c884f24f583e557aaecbb41a323673d2,NOVIBET,sport
(TX: BONO DE BIENVENIDA) DUPLICA TU PRIMER DEPOSITO,https://dummy.com.mx/TestigosHandler/TestigosExtHandler.ashx?hit=-941661894&key=5f41800dc806d809ee9d039b9d3b073f,NOVIBET,sport
(TX: BONO DE BIENVENIDA) DUPLICA TU PRIMER DEPOSITO,https://dummy.com.mx/TestigosHandler/TestigosExtHandler.ashx?hit=-941497930&key=0916ed26405060da0d1f983d9a4b1c89,NOVIBET,sport
(TX: BONO DE BIENVENIDA) DUPLICA TU PRIMER DEPOSITO,https://dummy.com.mx/TestigosHandler/TestigosExtHandler.ashx?hit=-941662188&key=2cf6ee6cc3ccd997dc5e7a1cca4a884d,NOVIBET,sport
(TX: BONO DE BIENVENIDA) DUPLICA TU PRIMER DEPOSITO,https://dummy.com.mx/TestigosHandler/TestigosExtHandler.ashx?hit=-941498342&key=bf8708e15be954b2a847a9f828aaa35e,NOVIBET,sport
(CP) REGISTRATE Y TE REGALAMOS $500 PARA QUE APUESTES A TUS DEPORTES FAVORITOS SIN ROLLOVER NI MOMIOS MINIMOS REGISTRATE YA :WB,https://dummy.com.mx/TestigosHandler/TestigosExtHandler.ashx?hit=-941123451&key=2c3b6c68e13d6c25709e56ed8fd0f6a2,RUSHBET,sport
(CP) REGISTRATE Y TE REGALAMOS $500 PARA QUE APUESTES A TUS DEPORTES FAVORITOS SIN ROLLOVER NI MOMIOS MINIMOS REGISTRATE YA :WB,https://dummy.com.mx/TestigosHandler/TestigosExtHandler.ashx?hit=-941123580&key=7813b02126adf6d5eea6d43372267854,RUSHBET,sport
(CP) REGISTRATE Y TE REGALAMOS $500 PARA QUE APUESTES A TUS DEPORTES FAVORITOS SIN ROLLOVER NI MOMIOS MINIMOS REGISTRATE YA :WB,https://dummy.com.mx/TestigosHandler/TestigosExtHandler.ashx?hit=-941123480&key=f478df26824e8ef1a5c45e2e698483f4,RUSHBET,sport
(CP) REGISTRATE Y TE REGALAMOS $500 PARA QUE APUESTES A TUS DEPORTES FAVORITOS SIN ROLLOVER NI MOMIOS MINIMOS REGISTRATE YA :WB,https://dummy.com.mx/TestigosHandler/TestigosExtHandler.ashx?hit=-941671405&key=367f5e57ebaddb4de96147de851a432a,RUSHBET,sport
(CP) REGISTRATE Y TE REGALAMOS $500 PARA QUE APUESTES A TUS DEPORTES FAVORITOS SIN ROLLOVER NI MOMIOS MINIMOS REGISTRATE YA :WB,https://dummy.com.mx/TestigosHandler/TestigosExtHandler.ashx?hit=-941006765&key=0336fa5e1b3b77126fd8528025e2136a,RUSHBET,sport
(CP) REGISTRATE Y OBTEN DE REGALO $1000 PARA QUE EMPIECES APOSTAR AHORA :FTW,https://dummy.com.mx/TestigosHandler/TestigosExtHandler.ashx?hit=-941937622&key=40ba8d1af706ad816071d22d66909322,CALIENTE,Sport
(CP) REGISTRATE Y OBTEN DE REGALO $1000 PARA QUE EMPIECES APOSTAR AHORA :FTW,https://dummy.com.mx/TestigosHandler/TestigosExtHandler.ashx?hit=-941936843&key=56e360a58c75278d311a442cdca80f38,CALIENTE,Sport
(CP) REGISTRATE Y OBTEN DE REGALO $1000 PARA QUE EMPIECES APOSTAR AHORA :FTW,https://dummy.com.mx/TestigosHandler/TestigosExtHandler.ashx?hit=-941818111&key=c90431f453a59964e7f916086040422b,CALIENTE,Sport
(CP) REGISTRATE Y OBTEN DE REGALO $1000 PARA QUE EMPIECES APOSTAR AHORA :FTW,https://dummy.com.mx/TestigosHandler/TestigosExtHandler.ashx?hit=-941817619&key=fcec17d389717453718714f7e22c1477,CALIENTE,Sport
(CP) REGISTRATE Y OBTEN DE REGALO $1000 PARA QUE EMPIECES APOSTAR AHORA :FTW,https://dummy.com.mx/TestigosHandler/TestigosExtHandler.ashx?hit=-941725972&key=9fb9f577db3e89269ed1fe41cf07f02e,CALIENTE,Sport
(CP) REGISTRATE Y OBTEN DE REGALO $1000 PARA QUE EMPIECES APOSTAR AHORA :FTW,https://dummy.com.mx/TestigosHandler/TestigosExtHandler.ashx?hit=-941725105&key=215bf738b46bf9a4524f4abbefe43928,CALIENTE,Sport
(CP) REGISTRATE Y OBTEN DE REGALO $1000 PARA QUE EMPIECES APOSTAR AHORA :FTW,https://dummy.com.mx/TestigosHandler/TestigosExtHandler.ashx?hit=-941622425&key=31a3c21ed67537f9435c3d2fc284e67f,CALIENTE,Sport
(CP) REGISTRATE Y OBTEN DE REGALO $1000 PARA QUE EMPIECES APOSTAR AHORA :FTW,https://dummy.com.mx/TestigosHandler/TestigosExtHandler.ashx?hit=-941620858&key=3707d7a35ac914c73f03992e6a72ddcd,CALIENTE,Sport
(CP) REGISTRATE Y OBTEN DE REGALO $1000 PARA QUE EMPIECES APOSTAR AHORA :FTW,https://dummy.com.mx/TestigosHandler/TestigosExtHandler.ashx?hit=-941937216&key=21057ec1ab6be377afebf77accde90e2,CALIENTE,Sport
(CP) REGISTRATE Y OBTEN DE REGALO $1000 PARA QUE EMPIECES APOSTAR AHORA :FTW,https://dummy.com.mx/TestigosHandler/TestigosExtHandler.ashx?hit=-941936507&key=8a124e85ea7a3e9a10f003966fb6a2c9,CALIENTE,Sport
(CP) REGISTRATE Y OBTEN DE REGALO $1000 PARA QUE EMPIECES APOSTAR AHORA :FTW,https://dummy.com.mx/TestigosHandler/TestigosExtHandler.ashx?hit=-941817810&key=0667cc077c6371359585e8874c188d7d,CALIENTE,Sport
(CP) REGISTRATE Y OBTEN DE REGALO $1000 PARA QUE EMPIECES APOSTAR AHORA :FTW,https://dummy.com.mx/TestigosHandler/TestigosExtHandler.ashx?hit=-941817501&key=aab968fc2a50d3069d1f1c6c3b1b99e0,CALIENTE,Sport
(CP) REGISTRATE Y OBTEN DE REGALO $1000 PARA QUE EMPIECES APOSTAR AHORA :FTW,https://dummy.com.mx/TestigosHandler/TestigosExtHandler.ashx?hit=-941725577&key=7acd75ef0e513649cd7274b6c5c57e56,CALIENTE,Sport
(CP) REGISTRATE Y OBTEN DE REGALO $1000 PARA QUE EMPIECES APOSTAR AHORA :FTW,https://dummy.com.mx/TestigosHandler/TestigosExtHandler.ashx?hit=-941724790&key=5dc43e9fa5c327db5e829d1bb2ec427f,CALIENTE,Sport
(CP) REGISTRATE Y OBTEN DE REGALO $1000 PARA QUE EMPIECES APOSTAR AHORA :FTW,https://dummy.com.mx/TestigosHandler/TestigosExtHandler.ashx?hit=-941622118&key=e8dc98eb3737172d37a177ae31f98259,CALIENTE,Sport
(CP) REGISTRATE Y OBTEN DE REGALO $1000 PARA QUE EMPIECES APOSTAR AHORA :FTW,https://dummy.com.mx/TestigosHandler/TestigosExtHandler.ashx?hit=-941621478&key=83d52e49f7dac8467bf895521055a364,CALIENTE,Sport
(CP) REGISTRATE Y OBTEN DE REGALO $1000 PARA QUE EMPIECES APOSTAR AHORA :FTW,https://dummy.com.mx/TestigosHandler/TestigosExtHandler.ashx?hit=-941937683&key=87aa519e368ca34b4e65a8d714d69dfd,CALIENTE,Sport
(CP) REGISTRATE Y OBTEN DE REGALO $1000 PARA QUE EMPIECES APOSTAR AHORA :FTW,https://dummy.com.mx/TestigosHandler/TestigosExtHandler.ashx?hit=-941936913&key=ad856d28bfd962693db243382ec2d8ac,CALIENTE,Sport
(CP) REGISTRATE Y OBTEN DE REGALO $1000 PARA QUE EMPIECES APOSTAR AHORA :FTW,https://dummy.com.mx/TestigosHandler/TestigosExtHandler.ashx?hit=-941818231&key=bc0a7dc98ef13fe5ba78381f158c6303,CALIENTE,Sport
(CP) REGISTRATE Y OBTEN DE REGALO $1000 PARA QUE EMPIECES APOSTAR AHORA :FTW,https://dummy.com.mx/TestigosHandler/TestigosExtHandler.ashx?hit=-941817703&key=b5bd39a7645188f92e35e540b88d7e93,CALIENTE,Sport
(CP) REGISTRATE Y OBTEN DE REGALO $1000 PARA QUE EMPIECES APOSTAR AHORA :FTW,https://dummy.com.mx/TestigosHandler/TestigosExtHandler.ashx?hit=-941726039&key=8fc5f10b120cc4884c6f0e7aeaf1748d,CALIENTE,Sport
(CP) REGISTRATE Y OBTEN DE REGALO $1000 PARA QUE EMPIECES APOSTAR AHORA :FTW,https://dummy.com.mx/TestigosHandler/TestigosExtHandler.ashx?hit=-941725176&key=9fce688f89d67338dd25185ff6061018,CALIENTE,Sport
(CP) REGISTRATE Y OBTEN DE REGALO $1000 PARA QUE EMPIECES APOSTAR AHORA :FTW,https://dummy.com.mx/TestigosHandler/TestigosExtHandler.ashx?hit=-941622481&key=cb67577bbe872439c11faecc1b4472f1,CALIENTE,Sport
(CP) REGISTRATE Y OBTEN DE REGALO $1000 PARA QUE EMPIECES APOSTAR AHORA :FTW,https://dummy.com.mx/TestigosHandler/TestigosExtHandler.ashx?hit=-941621910&key=e231397a323012ff61b631f4d6b138c7,CALIENTE,Sport
ZONA CALIENTE ES PATROCINADA POR. MAS ACCION MAS DIVERSION :WB,https://dummy.com.mx/TestigosHandler/TestigosExtHandler.ashx?hit=-939450877&key=13105735dfb9cb185d9eda39f865846a,CALIENTE,Sport
ZONA CALIENTE ES PATROCINADA POR. MAS ACCION MAS DIVERSION :WB,https://dummy.com.mx/TestigosHandler/TestigosExtHandler.ashx?hit=-939455689&key=a07348e8a9f359824e6c68ef30397492,CALIENTE,Sport
ZONA CALIENTE ES PATROCINADA POR. MAS ACCION MAS DIVERSION :WB,https://dummy.com.mx/TestigosHandler/TestigosExtHandler.ashx?hit=-939456078&key=9f8d82e2777bc3f8f66a587e27852ff4,CALIENTE,Sport
VIVE EL FUTBOL EUROPEO JUGAMOS POR MAS,https://dummy.com.mx/TestigosHandler/TestigosExtHandler.ashx?hit=-940281183&key=2fefec70c567649676b245906738e7b9,CALIENTE,sport
VIVE EL FUTBOL EUROPEO JUGAMOS POR MAS,https://dummy.com.mx/TestigosHandler/TestigosExtHandler.ashx?hit=-940211887&key=769a672b72c3642c65a3f67480d2ee46,CALIENTE,sport
VIVE EL FUTBOL EUROPEO JUGAMOS POR MAS,https://dummy.com.mx/TestigosHandler/TestigosExtHandler.ashx?hit=-940281285&key=029ea9e858904bfe22bc31b88d602c7f,CALIENTE,sport
VIVE EL FUTBOL EUROPEO JUGAMOS POR MAS,https://dummy.com.mx/TestigosHandler/TestigosExtHandler.ashx?hit=-940211902&key=74230251cfd21ae25ceefcfe57c11986,CALIENTE,sport
VIVE EL FUTBOL EUROPEO JUGAMOS POR MAS,https://dummy.com.mx/TestigosHandler/TestigosExtHandler.ashx?hit=-940281356&key=923b3d93edf39a290a52f1f2d6eabe11,CALIENTE,sport
VIVE EL FUTBOL EUROPEO JUGAMOS POR MAS,https://dummy.com.mx/TestigosHandler/TestigosExtHandler.ashx?hit=-940212003&key=be23c215318c956cad508fb5e06cd312,CALIENTE,sport
VIVE EL FUTBOL EUROPEO JUGAMOS POR MAS,https://dummy.com.mx/TestigosHandler/TestigosExtHandler.ashx?hit=-940281219&key=cb96f61b7eeea0418cc72cc2a7881f81,CALIENTE,sport
VIVE EL FUTBOL EUROPEO JUGAMOS POR MAS,https://dummy.com.mx/TestigosHandler/TestigosExtHandler.ashx?hit=-940211891&key=70366ebf7b5bf24963bc3cbcf8f77ba1,CALIENTE,sport
VIVE EL FUTBOL EUROPEO JUGAMOS POR MAS,https://dummy.com.mx/TestigosHandler/TestigosExtHandler.ashx?hit=-940265506&key=5787d5253996bd20ac9a926039ae9613,CALIENTE,sport
VIVE EL FUTBOL EUROPEO JUGAMOS POR MAS,https://dummy.com.mx/TestigosHandler/TestigosExtHandler.ashx?hit=-940125829&key=4ee4d75dc46ab0df8435a5ca17756092,CALIENTE,sport
VIVE EL FUTBOL EUROPEO JUGAMOS POR MAS,https://dummy.com.mx/TestigosHandler/TestigosExtHandler.ashx?hit=-939978226&key=f09a603ee0951357d199cbab47947d44,CALIENTE,sport
VIVE EL FUTBOL EUROPEO JUGAMOS POR MAS,https://dummy.com.mx/TestigosHandler/TestigosExtHandler.ashx?hit=-939558030&key=51b44bf66e34dea09e39e97d17c7d048,CALIENTE,sport
SI TU EMOCIÓN DICE QUE TU EQUIPO VA A GANAR PERO LA RAZÓN Y LOS RUMORES DICEN LO CONTRARIO MEJOR CREER EN LAS ESTADÍSTICAS Y APUESTA EN RUSHBET.,https://dummy.com.mx/TestigosHandler/TestigosExtHandler.ashx?hit=-939655071&key=2b693d257bdf1f15368b386c5f825918,RUSHBET,sport
SI TU EMOCIÓN DICE QUE TU EQUIPO VA A GANAR PERO LA RAZÓN Y LOS RUMORES DICEN LO CONTRARIO MEJOR CREER EN LAS ESTADÍSTICAS Y APUESTA EN RUSHBET.,https://dummy.com.mx/TestigosHandler/TestigosExtHandler.ashx?hit=-939655313&key=a17f153da6b5d7ad9d0d432edf097123,RUSHBET,sport
SI TU EMOCIÓN DICE QUE TU EQUIPO VA A GANAR PERO LA RAZÓN Y LOS RUMORES DICEN LO CONTRARIO MEJOR CREER EN LAS ESTADÍSTICAS Y APUESTA EN RUSHBET.,https://dummy.com.mx/TestigosHandler/TestigosExtHandler.ashx?hit=-939654894&key=79fe2c2605589f62d8f395a8c2b6db25,RUSHBET,sport
SI TU EMOCIÓN DICE QUE TU EQUIPO VA A GANAR PERO LA RAZÓN Y LOS RUMORES DICEN LO CONTRARIO MEJOR CREER EN LAS ESTADÍSTICAS Y APUESTA EN RUSHBET.,https://dummy.com.mx/TestigosHandler/TestigosExtHandler.ashx?hit=-940473396&key=966b22a7bf4181b04062554ef2801271,RUSHBET,sport
SI TU EMOCIÓN DICE QUE TU EQUIPO VA A GANAR PERO LA RAZÓN Y LOS RUMORES DICEN LO CONTRARIO MEJOR CREER EN LAS ESTADÍSTICAS Y APUESTA EN RUSHBET.,https://dummy.com.mx/TestigosHandler/TestigosExtHandler.ashx?hit=-939723829&key=6ba4617de1ae04794d6e35a7509feb9e,RUSHBET,sport
SI TU EMOCIÓN DICE QUE TU EQUIPO VA A GANAR PERO LA RAZÓN Y LOS RUMORES DICEN LO CONTRARIO MEJOR CREER EN LAS ESTADÍSTICAS Y APUESTA EN RUSHBET.,https://dummy.com.mx/TestigosHandler/TestigosExtHandler.ashx?hit=-939691340&key=98fba86b19ce35faabb83a7aaa94e467,RUSHBET,sport
SI TU EMOCIÓN DICE QUE TU EQUIPO VA A GANAR PERO LA RAZÓN Y LOS RUMORES DICEN LO CONTRARIO MEJOR CREER EN LAS ESTADÍSTICAS Y APUESTA EN RUSHBET.,https://dummy.com.mx/TestigosHandler/TestigosExtHandler.ashx?hit=-940473266&key=4450bc1ab6adef226a06311d5b7355b4,RUSHBET,sport
SEA CUAL SEA TU JUEGO GANA JUEGA LA NUEVA ERA.,https://dummy.com.mx/TestigosHandler/TestigosExtHandler.ashx?hit=-940433642&key=f284ebb0e60dbea43d94d147be440fde,NOVIBET,brand
SEA CUAL SEA TU JUEGO GANA JUEGA LA NUEVA ERA.,https://dummy.com.mx/TestigosHandler/TestigosExtHandler.ashx?hit=-939769516&key=c31437166565443c0fa6dd71ce61b5f6,NOVIBET,brand
SEA CUAL SEA TU JUEGO GANA JUEGA LA NUEVA ERA.,https://dummy.com.mx/TestigosHandler/TestigosExtHandler.ashx?hit=-939450444&key=f83bb5c9e9b4d6541d22e50a83b5e635,NOVIBET,brand
SEA CUAL SEA TU JUEGO GANA JUEGA LA NUEVA ERA.,https://dummy.com.mx/TestigosHandler/TestigosExtHandler.ashx?hit=-939768982&key=7167cbfefe1ca154c2208cf12a7de510,NOVIBET,brand
SEA CUAL SEA TU JUEGO GANA JUEGA LA NUEVA ERA.,https://dummy.com.mx/TestigosHandler/TestigosExtHandler.ashx?hit=-939454516&key=4dde4f29ad22c122b67aa57048790649,NOVIBET,brand
SEA CUAL SEA TU JUEGO GANA JUEGA LA NUEVA ERA.,https://dummy.com.mx/TestigosHandler/TestigosExtHandler.ashx?hit=-940433802&key=30ad9069ccd37eb3c15848708fe85613,NOVIBET,brand
SEA CUAL SEA TU JUEGO GANA JUEGA LA NUEVA ERA.,https://dummy.com.mx/TestigosHandler/TestigosExtHandler.ashx?hit=-939769598&key=d47adb9a5be24b6f1f1404a4494f93fb,NOVIBET,brand
SEA CUAL SEA TU JUEGO GANA JUEGA LA NUEVA ERA.,https://dummy.com.mx/TestigosHandler/TestigosExtHandler.ashx?hit=-939454937&key=3c7016706fd528978ac0366157820621,NOVIBET,brand
PODEMOS FORMAR MAS HORROR MAS CULTO DESACARGALA NECESITA SOLO $100000 DE REGALO PODEMOS FORMAR MAS DIVERSION,https://dummy.com.mx/TestigosHandler/TestigosExtHandler.ashx?hit=-940767616&key=c0a559bd7ad4cdd1755a6870c39033f3,CALIENTE,Sport
PODEMOS FORMAR MAS HORROR MAS CULTO DESACARGALA NECESITA SOLO $100000 DE REGALO PODEMOS FORMAR MAS DIVERSION,https://dummy.com.mx/TestigosHandler/TestigosExtHandler.ashx?hit=-940376017&key=586a43bb1e3ff0689402d505e3fc43e2,CALIENTE,Sport
PODEMOS FORMAR MAS HORROR MAS CULTO DESACARGALA NECESITA SOLO $100000 DE REGALO PODEMOS FORMAR MAS DIVERSION,https://dummy.com.mx/TestigosHandler/TestigosExtHandler.ashx?hit=-940047001&key=3ec03ec47ec6e22d3f125224e9da02d0,CALIENTE,Sport
PODEMOS FORMAR MAS HORROR MAS CULTO DESACARGALA NECESITA SOLO $100000 DE REGALO PODEMOS FORMAR MAS DIVERSION,https://dummy.com.mx/TestigosHandler/TestigosExtHandler.ashx?hit=-940021104&key=69a295050506a3d02e459e1571341f90,CALIENTE,Sport
PODEMOS FORMAR MAS HORROR MAS CULTO DESACARGALA NECESITA SOLO $100000 DE REGALO PODEMOS FORMAR MAS DIVERSION,https://dummy.com.mx/TestigosHandler/TestigosExtHandler.ashx?hit=-939629666&key=83a6fec667079384d4b6705a7c178b9b,CALIENTE,Sport
PODEMOS FORMAR MAS HORROR MAS CULTO DESACARGALA NECESITA SOLO $100000 DE REGALO PODEMOS FORMAR MAS DIVERSION,https://dummy.com.mx/TestigosHandler/TestigosExtHandler.ashx?hit=-939525457&key=013ae4104699c1be5c02014a55a99553,CALIENTE,Sport
MAS FORMAS DE GANAR SOLO EN LA APP DESCARGALA YA PRESENTO,https://dummy.com.mx/TestigosHandler/TestigosExtHandler.ashx?hit=-940140286&key=607225b6796034f608cc1ac14a80ed90,RUSHBET,brand
LIBERA TU ESPIRITU GANADOR APUESTAS DEPORTIVAS CIENTOS DE JUEGOS CASINO PLATAFORMA SEGURA ATENCION PERSONALIZADA LLEVA TU PASION SIGUIENTE NIVEL,https://dummy.com.mx/TestigosHandler/TestigosExtHandler.ashx?hit=-940164439&key=bcb08a5f2cfe56f4e7740f746c531603,BETCRIS,sport
LIBERA TU ESPIRITU GANADOR APUESTAS DEPORTIVAS CIENTOS DE JUEGOS CASINO PLATAFORMA SEGURA ATENCION PERSONALIZADA LLEVA TU PASION SIGUIENTE NIVEL,https://dummy.com.mx/TestigosHandler/TestigosExtHandler.ashx?hit=-940164067&key=f5b5776dc00064eacb155263bfea3574,BETCRIS,sport
LIBERA TU ESPIRITU GANADOR APUESTAS DEPORTIVAS CIENTOS DE JUEGOS CASINO PLATAFORMA SEGURA ATENCION PERSONALIZADA LLEVA TU PASION SIGUIENTE NIVEL,https://dummy.com.mx/TestigosHandler/TestigosExtHandler.ashx?hit=-940164552&key=88ac08e961cd086d58e283d53ff7c69f,BETCRIS,sport
JUGAMOS POR MAS MAS ACCIÓN.,https://dummy.com.mx/TestigosHandler/TestigosExtHandler.ashx?hit=-940489456&key=3b7b99c307da424bfad0178ca65cb611,CALIENTE,Sport
JUGAMOS POR MAS MAS ACCIÓN.,https://dummy.com.mx/TestigosHandler/TestigosExtHandler.ashx?hit=-939788377&key=694b67d0917ba73667892f81d2ae3f2b,CALIENTE,Sport
JUGAMOS POR MAS MAS ACCIÓN.,https://dummy.com.mx/TestigosHandler/TestigosExtHandler.ashx?hit=-939776248&key=bb2107ad0dba5031c200a1d54a3a994a,CALIENTE,Sport
JUGAMOS POR MAS MAS ACCIÓN.,https://dummy.com.mx/TestigosHandler/TestigosExtHandler.ashx?hit=-939617722&key=249f9b4dd7eae2378ebf4e0acf91365f,CALIENTE,Sport
JUGAMOS POR MAS MAS ACCIÓN.,https://dummy.com.mx/TestigosHandler/TestigosExtHandler.ashx?hit=-939584575&key=1d7fb0d06400cf162e2a29ccc2f332e2,CALIENTE,Sport
JUGAMOS POR MAS MAS ACCIÓN.,https://dummy.com.mx/TestigosHandler/TestigosExtHandler.ashx?hit=-939569465&key=948630475eb9109ec2decf7cd929da84,CALIENTE,Sport
JUGAMOS POR MAS MAS ACCIÓN.,https://dummy.com.mx/TestigosHandler/TestigosExtHandler.ashx?hit=-939788076&key=3db4da06f3580c757bd5fde9ea9a649c,CALIENTE,Sport
JUGAMOS POR MAS MAS ACCIÓN.,https://dummy.com.mx/TestigosHandler/TestigosExtHandler.ashx?hit=-939776832&key=bf8e3195a31706a1f8c451d6e238ca89,CALIENTE,Sport
JUGAMOS POR MAS MAS ACCIÓN.,https://dummy.com.mx/TestigosHandler/TestigosExtHandler.ashx?hit=-939617351&key=fd4efff763c1e35dd225f5cd9fe629d6,CALIENTE,Sport
JUGAMOS POR MAS MAS ACCIÓN.,https://dummy.com.mx/TestigosHandler/TestigosExtHandler.ashx?hit=-939584166&key=66b0bdd9a6838fb430eaebf505d7cbf8,CALIENTE,Sport
JUGAMOS POR MAS MAS ACCIÓN.,https://dummy.com.mx/TestigosHandler/TestigosExtHandler.ashx?hit=-939569188&key=b962068a7dd8e74ce5040d921f5c3806,CALIENTE,Sport
JUGAMOS POR MAS MAS ACCIÓN.,https://dummy.com.mx/TestigosHandler/TestigosExtHandler.ashx?hit=-940489558&key=36c0f8e183dfe4241344cd028951ad4e,CALIENTE,Sport
JUGAMOS POR MAS MAS ACCIÓN.,https://dummy.com.mx/TestigosHandler/TestigosExtHandler.ashx?hit=-939788504&key=af6af2021b1b953c5921c15fe06123cb,CALIENTE,Sport
JUGAMOS POR MAS MAS ACCIÓN.,https://dummy.com.mx/TestigosHandler/TestigosExtHandler.ashx?hit=-939777263&key=ea145a574e7cb91f401b49e6852496d4,CALIENTE,Sport
JUGAMOS POR MAS MAS ACCIÓN.,https://dummy.com.mx/TestigosHandler/TestigosExtHandler.ashx?hit=-939617777&key=253674c8fab51d7109c043de2cc9cd5e,CALIENTE,Sport
JUGAMOS POR MAS MAS ACCIÓN.,https://dummy.com.mx/TestigosHandler/TestigosExtHandler.ashx?hit=-939584617&key=487868224317ab96a75ff05e2589911c,CALIENTE,Sport
JUGAMOS POR MAS MAS ACCIÓN.,https://dummy.com.mx/TestigosHandler/TestigosExtHandler.ashx?hit=-939569665&key=3afa56f8b426a99be32aa12020fed177,CALIENTE,Sport
JUGAMOS POR MAS MAS ACCIÓN.,https://dummy.com.mx/TestigosHandler/TestigosExtHandler.ashx?hit=-940528369&key=c77109e9f0bfda0b26d0f8a96a643070,CALIENTE,Sport
JUGAMOS POR MAS MAS ACCIÓN.,https://dummy.com.mx/TestigosHandler/TestigosExtHandler.ashx?hit=-940431444&key=dd9cc2a13fb5f136c3b181951bae3ef0,CALIENTE,Sport
JUGAMOS POR MAS MAS ACCIÓN.,https://dummy.com.mx/TestigosHandler/TestigosExtHandler.ashx?hit=-940363525&key=eae0592fe4abbcea3fa1e4ad3009f790,CALIENTE,Sport
JUGAMOS POR MAS MAS ACCIÓN.,https://dummy.com.mx/TestigosHandler/TestigosExtHandler.ashx?hit=-940293827&key=237841a4e0dfd0ae4102e8ed9075bd14,CALIENTE,Sport
JUGAMOS POR MAS MAS ACCIÓN.,https://dummy.com.mx/TestigosHandler/TestigosExtHandler.ashx?hit=-939686344&key=d65b4dbca27a487c51959511e49ee0e9,CALIENTE,Sport
JUGAMOS POR MAS MAS ACCIÓN.,https://dummy.com.mx/TestigosHandler/TestigosExtHandler.ashx?hit=-939538788&key=7146db1d52cc2d799911651671fcb0f1,CALIENTE,Sport
JUGAMOS POR MAS MAS ACCIÓN.,https://dummy.com.mx/TestigosHandler/TestigosExtHandler.ashx?hit=-940363093&key=877255199951b36f5ae5d02ec482613b,CALIENTE,Sport
JUGAMOS POR MAS MAS ACCIÓN.,https://dummy.com.mx/TestigosHandler/TestigosExtHandler.ashx?hit=-940293600&key=92a7efc180c075c7542ffe069f059530,CALIENTE,Sport
JUGAMOS POR MAS MAS ACCIÓN.,https://dummy.com.mx/TestigosHandler/TestigosExtHandler.ashx?hit=-939685876&key=163306c8b2a00404916500360e1582ca,CALIENTE,Sport
JUGAMOS POR MAS MAS ACCIÓN.,https://dummy.com.mx/TestigosHandler/TestigosExtHandler.ashx?hit=-939538271&key=7f1f02d87e10f857e1863ff42cb5e1e6,CALIENTE,Sport
JUGAMOS POR MAS MAS ACCIÓN.,https://dummy.com.mx/TestigosHandler/TestigosExtHandler.ashx?hit=-940528446&key=b3f06017e8d2f2bc29e5ad5568053965,CALIENTE,Sport
JUGAMOS POR MAS MAS ACCIÓN.,https://dummy.com.mx/TestigosHandler/TestigosExtHandler.ashx?hit=-940431606&key=a4337846929dfbfcc11e4c563733e416,CALIENTE,Sport
JUGAMOS POR MAS MAS ACCIÓN.,https://dummy.com.mx/TestigosHandler/TestigosExtHandler.ashx?hit=-940363539&key=8066642bb4f115ccc0f28dc00ad1b1af,CALIENTE,Sport
JUGAMOS POR MAS MAS ACCIÓN.,https://dummy.com.mx/TestigosHandler/TestigosExtHandler.ashx?hit=-940293929&key=0e22244510435d31461b3127e3fe5a5e,CALIENTE,Sport
JUGAMOS POR MAS MAS ACCIÓN.,https://dummy.com.mx/TestigosHandler/TestigosExtHandler.ashx?hit=-939686539&key=40228269575950c7d7cff72a4ae55175,CALIENTE,Sport
JUGAMOS POR MAS MAS ACCIÓN.,https://dummy.com.mx/TestigosHandler/TestigosExtHandler.ashx?hit=-939538850&key=59228c75923a84942c247a7a26f6b455,CALIENTE,Sport
JUGAMOS POR MAS MAS ACCIÓN.,https://dummy.com.mx/TestigosHandler/TestigosExtHandler.ashx?hit=-939542270&key=e1b779658759be7f80b5862ce86f1b7b,CALIENTE,Sport
JUGAMOS POR MAS MAS ACCIÓN.,https://dummy.com.mx/TestigosHandler/TestigosExtHandler.ashx?hit=-939526489&key=1dd2ffd6f0f456cbc48f31b878bd49cc,CALIENTE,Sport
JUGAMOS POR MAS MAS ACCIÓN.,https://dummy.com.mx/TestigosHandler/TestigosExtHandler.ashx?hit=-939542330&key=87e7375d2636dbf5d660ec1a6193f526,CALIENTE,Sport
JUGAMOS POR MAS MAS ACCIÓN.,https://dummy.com.mx/TestigosHandler/TestigosExtHandler.ashx?hit=-939526552&key=507424814f5f432b1d175e54f7569506,CALIENTE,Sport
JUGAMOS POR MÁS DESCARGA LA APP REGÍSTRATE Y OBTÉN $1000 DE REGALO.,https://dummy.com.mx/TestigosHandler/TestigosExtHandler.ashx?hit=-935814617&key=349347b696dbb59ead9a037394075b35,CALIENTE,Sport
JUEGA EN LAS MESAS DE BLACKJACK REGÍSTRATE Y RECIBE 500 PESOS GRATIS PARA JUGAR CASINO.,https://dummy.com.mx/TestigosHandler/TestigosExtHandler.ashx?hit=-940473167&key=dfe77f97adcfdd73730fb67d74d2f799,RUSHBET,casino
JUEGA EN LAS MESAS DE BLACKJACK REGÍSTRATE Y RECIBE 500 PESOS GRATIS PARA JUGAR CASINO.,https://dummy.com.mx/TestigosHandler/TestigosExtHandler.ashx?hit=-939520000&key=f91f3b9e69f8b29c37b1de67bc0cc01f,RUSHBET,casino
JUEGA EN LAS MESAS DE BLACKJACK REGÍSTRATE Y RECIBE 500 PESOS GRATIS PARA JUGAR CASINO.,https://dummy.com.mx/TestigosHandler/TestigosExtHandler.ashx?hit=-940473242&key=89d2ba8875868bcea651feae2a88fe11,RUSHBET,casino
JUEGA EN LAS MESAS DE BLACKJACK REGÍSTRATE Y RECIBE 500 PESOS GRATIS PARA JUGAR CASINO.,https://dummy.com.mx/TestigosHandler/TestigosExtHandler.ashx?hit=-939520036&key=9d0e43b7e6c1b25836060dd0fee32325,RUSHBET,casino
JUEGA EN LAS MESAS DE BLACKJACK REGÍSTRATE Y RECIBE 500 PESOS GRATIS PARA JUGAR CASINO.,https://dummy.com.mx/TestigosHandler/TestigosExtHandler.ashx?hit=-940473228&key=fdb0bc888212fee4d64037d97e5c4d35,RUSHBET,casino
JUEGA EN LAS MESAS DE BLACKJACK REGÍSTRATE Y RECIBE 500 PESOS GRATIS PARA JUGAR CASINO.,https://dummy.com.mx/TestigosHandler/TestigosExtHandler.ashx?hit=-939520018&key=8575b168bc8a176b6536ae692b3af14b,RUSHBET,casino
JUEGA EN LAS MESAS DE BLACKJACK REGÍSTRATE Y RECIBE 500 PESOS GRATIS PARA JUGAR CASINO.,https://dummy.com.mx/TestigosHandler/TestigosExtHandler.ashx?hit=-940234265&key=ee587473cce29f83e838760cf026e009,RUSHBET,casino
GANAR ESE SENTIMIENTO QUE TE INVADE EL CUERPO NO ES SOLO UN RESULTADO ES UNA EMOCION VIVE LA EMOCION DEL DEPORTE,https://dummy.com.mx/TestigosHandler/TestigosExtHandler.ashx?hit=-939873568&key=72653a99c8dae3ed7f68e654b355b992,MEXBET,sport
GANAR ESE SENTIMIENTO QUE TE INVADE EL CUERPO NO ES SOLO UN RESULTADO ES UNA EMOCION VIVE LA EMOCION DEL DEPORTE,https://dummy.com.mx/TestigosHandler/TestigosExtHandler.ashx?hit=-939545479&key=f3528e3f57dd6635b632bc45968ba2bf,MEXBET,sport
GANAR ESE SENTIMIENTO QUE TE INVADE EL CUERPO NO ES SOLO UN RESULTADO ES UNA EMOCION VIVE LA EMOCION DEL DEPORTE,https://dummy.com.mx/TestigosHandler/TestigosExtHandler.ashx?hit=-939873319&key=462b109a222c58e3be14d9d20ecb2c68,MEXBET,sport
GANAR ESE SENTIMIENTO QUE TE INVADE EL CUERPO NO ES SOLO UN RESULTADO ES UNA EMOCION VIVE LA EMOCION DEL DEPORTE,https://dummy.com.mx/TestigosHandler/TestigosExtHandler.ashx?hit=-939545114&key=3cd5079ff4bdfc4cb94f14a11c1fbb2a,MEXBET,sport
GANAR ESE SENTIMIENTO QUE TE INVADE EL CUERPO NO ES SOLO UN RESULTADO ES UNA EMOCION VIVE LA EMOCION DEL DEPORTE,https://dummy.com.mx/TestigosHandler/TestigosExtHandler.ashx?hit=-939873585&key=6083efc18c3ac4fbe35054ce4db04a13,MEXBET,sport
GANAR ESE SENTIMIENTO QUE TE INVADE EL CUERPO NO ES SOLO UN RESULTADO ES UNA EMOCION VIVE LA EMOCION DEL DEPORTE,https://dummy.com.mx/TestigosHandler/TestigosExtHandler.ashx?hit=-939545601&key=a2844a55d066e22fb022dec12d751c92,MEXBET,sport
ESTA SECCIÓN ES PRESENTADA POR :WB,https://dummy.com.mx/TestigosHandler/TestigosExtHandler.ashx?hit=-940427714&key=4ed325e808f9e75d4194188d95533e53,RUSHBET,brand
ES LA PLATAFORMA LIDER EN ENTRETENIMIENTO CON UNA ENORME OFERTA EN JUEGOS VIRTUALES Y DEPORTES TIENE UN CATALOGO AMPLISIMO CON MAS DE 1500 JUEGOS,https://dummy.com.mx/TestigosHandler/TestigosExtHandler.ashx?hit=-939806656&key=1e4a6ac9be4f10d5adc894493acc35da,SPORTIUM,Brand
ES LA PLATAFORMA LIDER EN ENTRETENIMIENTO CON UNA ENORME OFERTA EN JUEGOS VIRTUALES Y DEPORTES TIENE UN CATALOGO AMPLISIMO CON MAS DE 1500 JUEGOS,https://dummy.com.mx/TestigosHandler/TestigosExtHandler.ashx?hit=-939772320&key=28822cc15e405b1b0cde6a5b32efb143,SPORTIUM,Brand
ES LA PLATAFORMA LIDER EN ENTRETENIMIENTO CON UNA ENORME OFERTA EN JUEGOS VIRTUALES Y DEPORTES TIENE UN CATALOGO AMPLISIMO CON MAS DE 1500 JUEGOS,https://dummy.com.mx/TestigosHandler/TestigosExtHandler.ashx?hit=-939729940&key=6f19db48319cb834a40919f2bdd3fc25,SPORTIUM,Brand
ES LA PLATAFORMA LIDER EN ENTRETENIMIENTO CON UNA ENORME OFERTA EN JUEGOS VIRTUALES Y DEPORTES TIENE UN CATALOGO AMPLISIMO CON MAS DE 1500 JUEGOS,https://dummy.com.mx/TestigosHandler/TestigosExtHandler.ashx?hit=-939710875&key=175e37fd62909f093cd52bdc29880b42,SPORTIUM,Brand
ES LA PLATAFORMA LIDER EN ENTRETENIMIENTO CON UNA ENORME OFERTA EN JUEGOS VIRTUALES Y DEPORTES TIENE UN CATALOGO AMPLISIMO CON MAS DE 1500 JUEGOS,https://dummy.com.mx/TestigosHandler/TestigosExtHandler.ashx?hit=-939669500&key=761ef312babe2e3bbbe7a8eea21b03ff,SPORTIUM,Brand
ES LA PLATAFORMA LIDER EN ENTRETENIMIENTO CON UNA ENORME OFERTA EN JUEGOS VIRTUALES Y DEPORTES TIENE UN CATALOGO AMPLISIMO CON MAS DE 1500 JUEGOS,https://dummy.com.mx/TestigosHandler/TestigosExtHandler.ashx?hit=-939633622&key=46bf667319626c2260af201a860c90aa,SPORTIUM,Brand
ES LA PLATAFORMA LIDER EN ENTRETENIMIENTO CON UNA ENORME OFERTA EN JUEGOS VIRTUALES Y DEPORTES TIENE UN CATALOGO AMPLISIMO CON MAS DE 1500 JUEGOS,https://dummy.com.mx/TestigosHandler/TestigosExtHandler.ashx?hit=-939614227&key=c001e14cad7c22a317d20b10e063162c,SPORTIUM,Brand
ES LA PLATAFORMA LIDER EN ENTRETENIMIENTO CON UNA ENORME OFERTA EN JUEGOS VIRTUALES Y DEPORTES TIENE UN CATALOGO AMPLISIMO CON MAS DE 1500 JUEGOS,https://dummy.com.mx/TestigosHandler/TestigosExtHandler.ashx?hit=-939592554&key=a81d9785e6bb931b575346a51b1a99c4,SPORTIUM,Brand
ES LA PLATAFORMA LIDER EN ENTRETENIMIENTO CON UNA ENORME OFERTA EN JUEGOS VIRTUALES Y DEPORTES TIENE UN CATALOGO AMPLISIMO CON MAS DE 1500 JUEGOS,https://dummy.com.mx/TestigosHandler/TestigosExtHandler.ashx?hit=-939806775&key=241a1a36e7a59706694d2fb6e054c6f3,SPORTIUM,Brand
ES LA PLATAFORMA LIDER EN ENTRETENIMIENTO CON UNA ENORME OFERTA EN JUEGOS VIRTUALES Y DEPORTES TIENE UN CATALOGO AMPLISIMO CON MAS DE 1500 JUEGOS,https://dummy.com.mx/TestigosHandler/TestigosExtHandler.ashx?hit=-939772415&key=55ddc0c72d500567806afdd745fb84f3,SPORTIUM,Brand
ES LA PLATAFORMA LIDER EN ENTRETENIMIENTO CON UNA ENORME OFERTA EN JUEGOS VIRTUALES Y DEPORTES TIENE UN CATALOGO AMPLISIMO CON MAS DE 1500 JUEGOS,https://dummy.com.mx/TestigosHandler/TestigosExtHandler.ashx?hit=-939730147&key=834e482a88f307163b776a5b96663d1d,SPORTIUM,Brand
ES LA PLATAFORMA LIDER EN ENTRETENIMIENTO CON UNA ENORME OFERTA EN JUEGOS VIRTUALES Y DEPORTES TIENE UN CATALOGO AMPLISIMO CON MAS DE 1500 JUEGOS,https://dummy.com.mx/TestigosHandler/TestigosExtHandler.ashx?hit=-939699056&key=2e68b6318f4e1032c5da62aa63f5711a,SPORTIUM,Brand
ES LA PLATAFORMA LIDER EN ENTRETENIMIENTO CON UNA ENORME OFERTA EN JUEGOS VIRTUALES Y DEPORTES TIENE UN CATALOGO AMPLISIMO CON MAS DE 1500 JUEGOS,https://dummy.com.mx/TestigosHandler/TestigosExtHandler.ashx?hit=-939669597&key=1b00e07ad6209c784ec3b1558f0714b6,SPORTIUM,Brand
ES LA PLATAFORMA LIDER EN ENTRETENIMIENTO CON UNA ENORME OFERTA EN JUEGOS VIRTUALES Y DEPORTES TIENE UN CATALOGO AMPLISIMO CON MAS DE 1500 JUEGOS,https://dummy.com.mx/TestigosHandler/TestigosExtHandler.ashx?hit=-939633749&key=3202cbb0362899c6e63893ff99d1a431,SPORTIUM,Brand
ES LA PLATAFORMA LIDER EN ENTRETENIMIENTO CON UNA ENORME OFERTA EN JUEGOS VIRTUALES Y DEPORTES TIENE UN CATALOGO AMPLISIMO CON MAS DE 1500 JUEGOS,https://dummy.com.mx/TestigosHandler/TestigosExtHandler.ashx?hit=-939614312&key=2e6b16e063dc5d884d7b61c357fa3a9e,SPORTIUM,Brand
ES LA PLATAFORMA LIDER EN ENTRETENIMIENTO CON UNA ENORME OFERTA EN JUEGOS VIRTUALES Y DEPORTES TIENE UN CATALOGO AMPLISIMO CON MAS DE 1500 JUEGOS,https://dummy.com.mx/TestigosHandler/TestigosExtHandler.ashx?hit=-939592625&key=f0ec8760e0b5b40f398ff29f4c0f0a57,SPORTIUM,Brand
EL TRAFICO SE DETIENE NUESTROS CIENTOS DE VLOGS NO REGISTRATE Y RECIBE $500 GRATIS PARA PROBAR EL MEJOR CASINO EN LINEA,https://dummy.com.mx/TestigosHandler/TestigosExtHandler.ashx?hit=-939751636&key=8d54b32a6278f10dcf9f5a29ba5efee8,RUSHBET,casino
EL TRAFICO SE DETIENE NUESTROS CIENTOS DE VLOGS NO REGISTRATE Y RECIBE $500 GRATIS PARA PROBAR EL MEJOR CASINO EN LINEA,https://dummy.com.mx/TestigosHandler/TestigosExtHandler.ashx?hit=-939751768&key=a052327e034baece9641fb54201ac21a,RUSHBET,casino
EL TRAFICO SE DETIENE NUESTROS CIENTOS DE VLOGS NO REGISTRATE Y RECIBE $500 GRATIS PARA PROBAR EL MEJOR CASINO EN LINEA,https://dummy.com.mx/TestigosHandler/TestigosExtHandler.ashx?hit=-939751750&key=602b7d14027ce02cb91d0eee4f5b4033,RUSHBET,casino
EL TRAFICO SE DETIENE NUESTROS CIENTOS DE VLOGS NO REGISTRATE Y RECIBE $500 GRATIS PARA PROBAR EL MEJOR CASINO EN LINEA,https://dummy.com.mx/TestigosHandler/TestigosExtHandler.ashx?hit=-940378936&key=92eeb78c0813809e6b48ea9c42464ce7,RUSHBET,casino
EL TRAFICO SE DETIENE NUESTROS CIENTOS DE VLOGS NO REGISTRATE Y RECIBE $500 GRATIS PARA PROBAR EL MEJOR CASINO EN LINEA,https://dummy.com.mx/TestigosHandler/TestigosExtHandler.ashx?hit=-940095427&key=e0f5a7c3fee58317f4074944bdfd5848,RUSHBET,casino
EL TRAFICO SE DETIENE NUESTROS CIENTOS DE VLOGS NO REGISTRATE Y RECIBE $500 GRATIS PARA PROBAR EL MEJOR CASINO EN LINEA,https://dummy.com.mx/TestigosHandler/TestigosExtHandler.ashx?hit=-940140152&key=fcb3ef945fad0706e9b20c9fc725dcd4,RUSHBET,casino
EL CASINO QUE PAGA MAS RAPIDO EN EL MUNDO Y AHORA RETIRA TU DINERO EN EFEC MAS RAPIDO Y MAS FACIL,https://dummy.com.mx/TestigosHandler/TestigosExtHandler.ashx?hit=-940629706&key=9c551e804f8d1bfff1caa1528b569e5a,PLAYDOIT.MX,casino
EL CASINO QUE PAGA MAS RAPIDO EN EL MUNDO Y AHORA RETIRA TU DINERO EN EFEC MAS RAPIDO Y MAS FACIL,https://dummy.com.mx/TestigosHandler/TestigosExtHandler.ashx?hit=-940588345&key=daa1a697c1b2789bbb82cdc77670f1af,PLAYDOIT.MX,casino
EL CASINO QUE PAGA MAS RAPIDO EN EL MUNDO Y AHORA RETIRA TU DINERO EN EFEC MAS RAPIDO Y MAS FACIL,https://dummy.com.mx/TestigosHandler/TestigosExtHandler.ashx?hit=-940364066&key=f4cc8363ae06b39952b2851cbed5abfb,PLAYDOIT.MX,casino
EL CASINO QUE PAGA MAS RAPIDO EN EL MUNDO Y AHORA RETIRA TU DINERO EN EFEC MAS RAPIDO Y MAS FACIL,https://dummy.com.mx/TestigosHandler/TestigosExtHandler.ashx?hit=-940295939&key=e1a06237d65b2d44a3dab13cccae7f40,PLAYDOIT.MX,casino
CASINO EN LIN PRESENTA,https://dummy.com.mx/TestigosHandler/TestigosExtHandler.ashx?hit=-940272423&key=d0caa61bf2b3860e5cf2482898a8bbd0,PLAYDOIT.MX,casino
CALIENTE.MX PRESENTÓ LO MÁS DESTACADO EN DEPORTE,https://dummy.com.mx/TestigosHandler/TestigosExtHandler.ashx?hit=-940483043&key=670cc26351063b90c18d8d47f86adfcc,CALIENTE,Sport
CALIENTE.MX PRESENTÓ LO MÁS DESTACADO EN DEPORTE,https://dummy.com.mx/TestigosHandler/TestigosExtHandler.ashx?hit=-940458153&key=cbe5d3cfba40912262ffb20ecb3ea569,CALIENTE,Sport
CALIENTE.MX PRESENTÓ LO MÁS DESTACADO EN DEPORTE,https://dummy.com.mx/TestigosHandler/TestigosExtHandler.ashx?hit=-940450268&key=ded34ebdd8b105e97ba0d38e8d707472,CALIENTE,Sport
CALIENTE.MX PRESENTÓ LO MÁS DESTACADO EN DEPORTE,https://dummy.com.mx/TestigosHandler/TestigosExtHandler.ashx?hit=-940444642&key=a5582ca27b35265c38c72592625738f0,CALIENTE,Sport
CALIENTE.MX PRESENTÓ LO MÁS DESTACADO EN DEPORTE,https://dummy.com.mx/TestigosHandler/TestigosExtHandler.ashx?hit=-940434354&key=e6f6b520dbddb8ae0a2998cf62ae338c,CALIENTE,Sport
APUESTA DEPORTIVA_RADIO_DIVERSION,https://dummy.com.mx/TestigosHandler/TestigosExtHandler.ashx?hit=-940485719&key=23e6d58d50ea3af3b7ebe84a77b0f491,CALIENTE,Sport
APUESTA DEPORTIVA_RADIO_DIVERSION,https://dummy.com.mx/TestigosHandler/TestigosExtHandler.ashx?hit=-940460021&key=73812a706653e0af86654fceaca958e4,CALIENTE,Sport
APUESTA DEPORTIVA_RADIO_DIVERSION,https://dummy.com.mx/TestigosHandler/TestigosExtHandler.ashx?hit=-940436010&key=f6f056903b142a502896d9e275975ffc,CALIENTE,Sport
APUESTA DEPORTIVA_PATROCINIO_QATAR,https://dummy.com.mx/TestigosHandler/TestigosExtHandler.ashx?hit=-940346171&key=3844b57deae4c74cac52a78220ba16c2,CALIENTE,Sport
APUESTA DEPORTIVA_PATROCINIO_QATAR,https://dummy.com.mx/TestigosHandler/TestigosExtHandler.ashx?hit=-939629268&key=185b9e41cf0fa63b205268d4fba99992,CALIENTE,Sport
APUESTA DEPORTIVA_PATROCINIO_QATAR,https://dummy.com.mx/TestigosHandler/TestigosExtHandler.ashx?hit=-940346083&key=ccf88522f6af0964465bfe80aabfeea5,CALIENTE,Sport
APUESTA DEPORTIVA_COMERCIAL_QATAR,https://dummy.com.mx/TestigosHandler/TestigosExtHandler.ashx?hit=-940103922&key=cacfd78702551480a84da69c2e728a42,CALIENTE,Sport
APUESTA DEPORTIVA_COMERCIAL_QATAR,https://dummy.com.mx/TestigosHandler/TestigosExtHandler.ashx?hit=-940086202&key=10a180fe0012814081ebb62b059f0aaa,CALIENTE,Sport
APUESTA DEPORTIVA_COMERCIAL_QATAR,https://dummy.com.mx/TestigosHandler/TestigosExtHandler.ashx?hit=-940010533&key=f8c1fdfc3f9c92eacac1044148c9415c,CALIENTE,Sport
APUESTA DEPORTIVA_COMERCIAL_QATAR,https://dummy.com.mx/TestigosHandler/TestigosExtHandler.ashx?hit=-939899891&key=f239290a411dc6d601ff6f60d74d3bb3,CALIENTE,Sport
APUESTA DEPORTIVA_COMERCIAL_QATAR,https://dummy.com.mx/TestigosHandler/TestigosExtHandler.ashx?hit=-939840539&key=2e215cc00f5780b209147f93987be48c,CALIENTE,Sport
APUESTA DEPORTIVA_COMERCIAL_QATAR,https://dummy.com.mx/TestigosHandler/TestigosExtHandler.ashx?hit=-939795976&key=e7295bcf7f8a502136c0f2460996a76a,CALIENTE,Sport
APUESTA DEPORTIVA_COMERCIAL_QATAR,https://dummy.com.mx/TestigosHandler/TestigosExtHandler.ashx?hit=-939774572&key=fd4c359e5a7343c906d302160c516f8b,CALIENTE,Sport
APUESTA DEPORTIVA_COMERCIAL_QATAR,https://dummy.com.mx/TestigosHandler/TestigosExtHandler.ashx?hit=-939530723&key=503258608f23c55da54f6adc02abe035,CALIENTE,Sport
APUESTA DEPORTIVA_COMERCIAL_QATAR,https://dummy.com.mx/TestigosHandler/TestigosExtHandler.ashx?hit=-939516656&key=83cd260089c32e56c39d45cd560f91a3,CALIENTE,Sport
APUESTA DEPORTIVA_COMERCIAL_QATAR,https://dummy.com.mx/TestigosHandler/TestigosExtHandler.ashx?hit=-939480441&key=4869c3f99d894a00b0ee95d0ab6c2914,CALIENTE,Sport
APUESTA DEPORTIVA_COMERCIAL_QATAR,https://dummy.com.mx/TestigosHandler/TestigosExtHandler.ashx?hit=-939453375&key=7ea5e7e9d6198127e10752e3c3ce3e44,CALIENTE,Sport
APUESTA DEPORTIVA_COMERCIAL_QATAR,https://dummy.com.mx/TestigosHandler/TestigosExtHandler.ashx?hit=-939451795&key=daed24260b87c3a2f8e9a9f52c279cf3,CALIENTE,Sport
APUESTA DEPORTIVA_COMERCIAL_QATAR,https://dummy.com.mx/TestigosHandler/TestigosExtHandler.ashx?hit=-940103528&key=8fea677c2d620577d2bd73858743d30d,CALIENTE,Sport
APUESTA DEPORTIVA_COMERCIAL_QATAR,https://dummy.com.mx/TestigosHandler/TestigosExtHandler.ashx?hit=-940085840&key=f1f19889bb204d6ddf242cb3bbcd990c,CALIENTE,Sport
APUESTA DEPORTIVA_COMERCIAL_QATAR,https://dummy.com.mx/TestigosHandler/TestigosExtHandler.ashx?hit=-940028660&key=c22ed63ea1c7d38bdbe1b599f976157c,CALIENTE,Sport
APUESTA DEPORTIVA_COMERCIAL_QATAR,https://dummy.com.mx/TestigosHandler/TestigosExtHandler.ashx?hit=-939899472&key=0d3dbc9abce37188e2a917ad0fe6d368,CALIENTE,Sport
APUESTA DEPORTIVA_COMERCIAL_QATAR,https://dummy.com.mx/TestigosHandler/TestigosExtHandler.ashx?hit=-939840245&key=50a2feabe9f7bccb809cbbb3d97afebe,CALIENTE,Sport
APUESTA DEPORTIVA_COMERCIAL_QATAR,https://dummy.com.mx/TestigosHandler/TestigosExtHandler.ashx?hit=-939795656&key=a375adcb771c2a9a478dde2269d945c7,CALIENTE,Sport
APUESTA DEPORTIVA_COMERCIAL_QATAR,https://dummy.com.mx/TestigosHandler/TestigosExtHandler.ashx?hit=-939774343&key=9d69d0ff90c106cfa6c2b066fd5cdd11,CALIENTE,Sport
APUESTA DEPORTIVA_COMERCIAL_QATAR,https://dummy.com.mx/TestigosHandler/TestigosExtHandler.ashx?hit=-939530450&key=1632547deda7ecd36591fdd29423af46,CALIENTE,Sport
APUESTA DEPORTIVA_COMERCIAL_QATAR,https://dummy.com.mx/TestigosHandler/TestigosExtHandler.ashx?hit=-939516261&key=e967966a74118bb9488837e179b93f33,CALIENTE,Sport
APUESTA DEPORTIVA_COMERCIAL_QATAR,https://dummy.com.mx/TestigosHandler/TestigosExtHandler.ashx?hit=-939480049&key=c7c4dfe5e965a7bc13aa4486c61dff87,CALIENTE,Sport
APUESTA DEPORTIVA_COMERCIAL_QATAR,https://dummy.com.mx/TestigosHandler/TestigosExtHandler.ashx?hit=-939465674&key=f2e3f2bf4c4374408d003fb3494a3f15,CALIENTE,Sport
APUESTA DEPORTIVA_COMERCIAL_QATAR,https://dummy.com.mx/TestigosHandler/TestigosExtHandler.ashx?hit=-939459938&key=0d3c6966f561f986d20b249c9a255336,CALIENTE,Sport
APUESTA DEPORTIVA_COMERCIAL_QATAR,https://dummy.com.mx/TestigosHandler/TestigosExtHandler.ashx?hit=-940104002&key=34b5e825d2e7afe439ab2ce5a05e8292,CALIENTE,Sport
APUESTA DEPORTIVA_COMERCIAL_QATAR,https://dummy.com.mx/TestigosHandler/TestigosExtHandler.ashx?hit=-940086252&key=b1619f5929bf0f980855dd27a3739d42,CALIENTE,Sport
APUESTA DEPORTIVA_COMERCIAL_QATAR,https://dummy.com.mx/TestigosHandler/TestigosExtHandler.ashx?hit=-940029067&key=f34b4c5ddb0a522455614b8dc4424e38,CALIENTE,Sport
APUESTA DEPORTIVA_COMERCIAL_QATAR,https://dummy.com.mx/TestigosHandler/TestigosExtHandler.ashx?hit=-939899928&key=f59a8fd412633c404c8de6d1109a062d,CALIENTE,Sport
APUESTA DEPORTIVA_COMERCIAL_QATAR,https://dummy.com.mx/TestigosHandler/TestigosExtHandler.ashx?hit=-939840586&key=1b85e7380a68f3074e0e1601fe3039cb,CALIENTE,Sport
APUESTA DEPORTIVA_COMERCIAL_QATAR,https://dummy.com.mx/TestigosHandler/TestigosExtHandler.ashx?hit=-939796169&key=9086cf1cbda85d66d4a833977f3402d8,CALIENTE,Sport
APUESTA DEPORTIVA_COMERCIAL_QATAR,https://dummy.com.mx/TestigosHandler/TestigosExtHandler.ashx?hit=-939774598&key=b90486f1a45aaa1b48e97651957d398c,CALIENTE,Sport
APUESTA DEPORTIVA_COMERCIAL_QATAR,https://dummy.com.mx/TestigosHandler/TestigosExtHandler.ashx?hit=-939531085&key=fb0f4661d027130c36cdb09d1f559f1c,CALIENTE,Sport
APUESTA DEPORTIVA_COMERCIAL_QATAR,https://dummy.com.mx/TestigosHandler/TestigosExtHandler.ashx?hit=-939516738&key=d1b32f06621c54d93f5af0a6d58409f5,CALIENTE,Sport
APUESTA DEPORTIVA_COMERCIAL_QATAR,https://dummy.com.mx/TestigosHandler/TestigosExtHandler.ashx?hit=-939480492&key=dc6965b51501f1e8bcb65b7a1a967710,CALIENTE,Sport
APUESTA DEPORTIVA_COMERCIAL_QATAR,https://dummy.com.mx/TestigosHandler/TestigosExtHandler.ashx?hit=-939466101&key=3950749126130d2352f0c83414600112,CALIENTE,Sport
APUESTA DEPORTIVA_COMERCIAL_QATAR,https://dummy.com.mx/TestigosHandler/TestigosExtHandler.ashx?hit=-939460546&key=e62f3fbaf586b7b3b2bc8e817a0afa4f,CALIENTE,Sport
APUESTA DEPORTIVA_COMERCIAL_QATAR,https://dummy.com.mx/TestigosHandler/TestigosExtHandler.ashx?hit=-939997825&key=579cfcf0e5b13fd5e9370b936b1463c1,CALIENTE,Sport
APUESTA DEPORTIVA_COMERCIAL_QATAR,https://dummy.com.mx/TestigosHandler/TestigosExtHandler.ashx?hit=-939745066&key=059a69ca020c4577576c0e97c9229e83,CALIENTE,Sport
APUESTA DEPORTIVA_COMERCIAL_QATAR,https://dummy.com.mx/TestigosHandler/TestigosExtHandler.ashx?hit=-939572844&key=1eb8a8d587ff19eb66bd3f180e838b78,CALIENTE,Sport
APUESTA DEPORTIVA_COMERCIAL_QATAR,https://dummy.com.mx/TestigosHandler/TestigosExtHandler.ashx?hit=-939557040&key=dc5fa706dd06e8e13d731541e05fb531,CALIENTE,Sport
APUESTA DEPORTIVA_COMERCIAL_QATAR,https://dummy.com.mx/TestigosHandler/TestigosExtHandler.ashx?hit=-939489282&key=17e230eeb83c4c02cd7a48790bbe4361,CALIENTE,Sport
APUESTA DEPORTIVA_COMERCIAL_QATAR,https://dummy.com.mx/TestigosHandler/TestigosExtHandler.ashx?hit=-939464999&key=ffa9d7e5c01a18e1f3d23dae2c64c358,CALIENTE,Sport
APUESTA DEPORTIVA_COMERCIAL_QATAR,https://dummy.com.mx/TestigosHandler/TestigosExtHandler.ashx?hit=-939996851&key=cf7da170d74003e358f079797cf9daa0,CALIENTE,Sport
APUESTA DEPORTIVA_COMERCIAL_QATAR,https://dummy.com.mx/TestigosHandler/TestigosExtHandler.ashx?hit=-939744443&key=a90cf5c0fdfd7b5eb578f5d3c636d357,CALIENTE,Sport
APUESTA DEPORTIVA_COMERCIAL_QATAR,https://dummy.com.mx/TestigosHandler/TestigosExtHandler.ashx?hit=-939572580&key=674629493988512c675277978e4d995b,CALIENTE,Sport
APUESTA DEPORTIVA_COMERCIAL_QATAR,https://dummy.com.mx/TestigosHandler/TestigosExtHandler.ashx?hit=-939556756&key=19f7b35422325ea43142cdb7510bb58b,CALIENTE,Sport
APUESTA DEPORTIVA_COMERCIAL_QATAR,https://dummy.com.mx/TestigosHandler/TestigosExtHandler.ashx?hit=-939488959&key=c8bff125c2e17ae68ed07a240689f65c,CALIENTE,Sport
APUESTA DEPORTIVA_COMERCIAL_QATAR,https://dummy.com.mx/TestigosHandler/TestigosExtHandler.ashx?hit=-939464577&key=9be5db0f0f2f91978fb2e275f41041c5,CALIENTE,Sport
APUESTA DEPORTIVA_COMERCIAL_QATAR,https://dummy.com.mx/TestigosHandler/TestigosExtHandler.ashx?hit=-939997871&key=fc567dcedfc063566a8dc7b1682b9328,CALIENTE,Sport
APUESTA DEPORTIVA_COMERCIAL_QATAR,https://dummy.com.mx/TestigosHandler/TestigosExtHandler.ashx?hit=-939745148&key=03960efa99defebb08c42243c86e7e8e,CALIENTE,Sport
APUESTA DEPORTIVA_COMERCIAL_QATAR,https://dummy.com.mx/TestigosHandler/TestigosExtHandler.ashx?hit=-939572874&key=ccac68658f73916dfa6a5bc24939b32a,CALIENTE,Sport
APUESTA DEPORTIVA_COMERCIAL_QATAR,https://dummy.com.mx/TestigosHandler/TestigosExtHandler.ashx?hit=-939557062&key=6e9bf4e0da2c9b392abe7d5ca3ea8762,CALIENTE,Sport
APUESTA DEPORTIVA_COMERCIAL_QATAR,https://dummy.com.mx/TestigosHandler/TestigosExtHandler.ashx?hit=-939489354&key=5a64093aceb751e78384afb3fd91d4cf,CALIENTE,Sport
APUESTA DEPORTIVA_COMERCIAL_QATAR,https://dummy.com.mx/TestigosHandler/TestigosExtHandler.ashx?hit=-939461128&key=f87419c29104bfd07dd55647133e9c67,CALIENTE,Sport
APUESTA DEPORTIVA_COMERCIAL_QATAR,https://dummy.com.mx/TestigosHandler/TestigosExtHandler.ashx?hit=-939541817&key=7aaa6fea362a071301aa9877cae44b2c,CALIENTE,Sport
APUESTA DEPORTIVA_COMERCIAL_QATAR,https://dummy.com.mx/TestigosHandler/TestigosExtHandler.ashx?hit=-939526274&key=56560c67366ef36b2b321fce1f7bca33,CALIENTE,Sport
APUESTA DEPORTIVA_COMERCIAL_QATAR,https://dummy.com.mx/TestigosHandler/TestigosExtHandler.ashx?hit=-939516403&key=5ab4fcdc88597fa6ba759cfe0e3086aa,CALIENTE,Sport
APUESTA DEPORTIVA_COMERCIAL_QATAR,https://dummy.com.mx/TestigosHandler/TestigosExtHandler.ashx?hit=-939541892&key=5f21866fd926b6a6c1541dff80b88111,CALIENTE,Sport
APUESTA DEPORTIVA_COMERCIAL_QATAR,https://dummy.com.mx/TestigosHandler/TestigosExtHandler.ashx?hit=-939516465&key=6519a7d702bfa870e3939a012997fbaa,CALIENTE,Sport
(TX: BONO DE BIENVENIDA) DUPLICA TU PRIMER DEPOSITO,https://dummy.com.mx/TestigosHandler/TestigosExtHandler.ashx?hit=-940602841&key=fa3f6c3fb0eedc9160ee491810c1b577,NOVIBET,sport
(TX: BONO DE BIENVENIDA) DUPLICA TU PRIMER DEPOSITO,https://dummy.com.mx/TestigosHandler/TestigosExtHandler.ashx?hit=-939602616&key=ccfc081de17e49f9ca25ff9e5f30318d,NOVIBET,sport
(TX: BONO DE BIENVENIDA) DUPLICA TU PRIMER DEPOSITO,https://dummy.com.mx/TestigosHandler/TestigosExtHandler.ashx?hit=-939601926&key=dbf1febf9860bd85120afcbee2e4096b,NOVIBET,sport
(TX: BONO DE BIENVENIDA) DUPLICA TU PRIMER DEPOSITO,https://dummy.com.mx/TestigosHandler/TestigosExtHandler.ashx?hit=-940603381&key=d4128761aa1973c2a52e4b8bcb7ef880,NOVIBET,sport
(TX: BONO DE BIENVENIDA) DUPLICA TU PRIMER DEPOSITO,https://dummy.com.mx/TestigosHandler/TestigosExtHandler.ashx?hit=-939602818&key=96f67bd07d2126bd3b488db64d05a584,NOVIBET,sport
(CP) REGISTRATE Y TE REGALAMOS $500 PARA QUE APUESTES A TUS DEPORTES FAVORITOS SIN ROLLOVER NI MOMIOS MINIMOS REGISTRATE YA :WB,https://dummy.com.mx/TestigosHandler/TestigosExtHandler.ashx?hit=-940377995&key=b2a583df8d860272a4adf8f94533a71d,RUSHBET,sport
(CP) REGISTRATE Y TE REGALAMOS $500 PARA QUE APUESTES A TUS DEPORTES FAVORITOS SIN ROLLOVER NI MOMIOS MINIMOS REGISTRATE YA :WB,https://dummy.com.mx/TestigosHandler/TestigosExtHandler.ashx?hit=-940378184&key=ea49d8d4ba7a9542cfec5193d387742d,RUSHBET,sport
(CP) REGISTRATE Y TE REGALAMOS $500 PARA QUE APUESTES A TUS DEPORTES FAVORITOS SIN ROLLOVER NI MOMIOS MINIMOS REGISTRATE YA :WB,https://dummy.com.mx/TestigosHandler/TestigosExtHandler.ashx?hit=-940378096&key=a3e9382d6d170c3db2a3d511e4d04bdf,RUSHBET,sport
(CP) REGISTRATE Y TE REGALAMOS $500 PARA QUE APUESTES A TUS DEPORTES FAVORITOS SIN ROLLOVER NI MOMIOS MINIMOS REGISTRATE YA :WB,https://dummy.com.mx/TestigosHandler/TestigosExtHandler.ashx?hit=-940776239&key=bd6ac856343ecdf26c871b84896d2812,RUSHBET,sport
(CP) REGISTRATE Y TE REGALAMOS $500 PARA QUE APUESTES A TUS DEPORTES FAVORITOS SIN ROLLOVER NI MOMIOS MINIMOS REGISTRATE YA :WB,https://dummy.com.mx/TestigosHandler/TestigosExtHandler.ashx?hit=-940457981&key=35d2c4f107fc8eb17f8740f8f3c732d0,RUSHBET,sport
(CP) REGISTRATE Y TE REGALAMOS $500 PARA QUE APUESTES A TUS DEPORTES FAVORITOS SIN ROLLOVER NI MOMIOS MINIMOS REGISTRATE YA :WB,https://dummy.com.mx/TestigosHandler/TestigosExtHandler.ashx?hit=-939662901&key=8593a01344d43db87a15de3688f27306,RUSHBET,sport
(CP) REGISTRATE Y TE REGALAMOS $500 PARA QUE APUESTES A TUS DEPORTES FAVORITOS SIN ROLLOVER NI MOMIOS MINIMOS REGISTRATE YA :WB,https://dummy.com.mx/TestigosHandler/TestigosExtHandler.ashx?hit=-940457926&key=2fd34914b07a10f7914a0dd5b5287c76,RUSHBET,sport
(CP) ESTE PROGRAMA FUE TRAIDO A USTEDES POR REGISTRATE Y RECIBE DE REGALO $1000 :WB,https://dummy.com.mx/TestigosHandler/TestigosExtHandler.ashx?hit=-940341401&key=f7ddb55b459be60047667afdd93a5c94,CALIENTE,Brand
(CP) ESTE PROGRAMA FUE TRAIDO A USTEDES POR REGISTRATE Y RECIBE DE REGALO $1000 :WB,https://dummy.com.mx/TestigosHandler/TestigosExtHandler.ashx?hit=-939628049&key=bbd0c5300ad3affe9ae7128b7faeab76,CALIENTE,Brand
(CP) ESTE PROGRAMA FUE TRAIDO A USTEDES POR REGISTRATE Y RECIBE DE REGALO $1000 :WB,https://dummy.com.mx/TestigosHandler/TestigosExtHandler.ashx?hit=-940341304&key=95f9dd4d6faa1c3c7ede14f284c77f2e,CALIENTE,Brand
(CP) ESTE PROGRAMA FUE TRAIDO A USTEDES POR REGISTRATE Y RECIBE DE REGALO $1000 :WB,https://dummy.com.mx/TestigosHandler/TestigosExtHandler.ashx?hit=-939627967&key=388f9223fd69c360239c7e38bde98638,CALIENTE,Brand
